{"cameraMode":{"drawMode":0,"name":"Shaded","section":"Shading Mode"},"sceneLighting":true,"audioPlay":false,"sceneViewState":{"showFog":true,"showMaterialUpdate":false,"showSkybox":true,"showFlares":true,"showImageEffects":true,"showParticleSystems":true},"in2DMode":false,"pivot":{"x":0.020277976989746095,"y":-0.26785850524902346,"z":0.17122268676757813},"rotation":{"x":-0.0906156599521637,"y":0.8968669772148132,"z":-0.2169226109981537,"w":-0.37465065717697146},"size":10.0,"orthographic":false}